key,value,date
票据推销,12,00/03
票据推销,0,00/08
票据推销,0,00/13
票据推销,1,00/18
票据推销,0,00/23
票据推销,0,00/28
票据推销,0,00/33
票据推销,0,00/38
票据推销,0,00/43
票据推销,1,00/48
票据推销,0,00/53
票据推销,0,00/58
票据推销,0,01/03
票据推销,0,01/08
票据推销,0,01/13
票据推销,0,01/18
票据推销,0,01/23
票据推销,0,01/28
票据推销,0,01/33
票据推销,0,01/38
票据推销,0,01/43
票据推销,0,01/48
票据推销,0,01/53
票据推销,0,01/58
票据推销,0,02/03
票据推销,0,02/08
票据推销,0,02/13
票据推销,0,02/18
票据推销,0,02/23
票据推销,0,02/28
票据推销,0,02/33
票据推销,0,02/38
票据推销,0,02/43
票据推销,0,02/48
票据推销,0,02/53
票据推销,0,02/58
票据推销,0,03/03
票据推销,0,03/08
票据推销,0,03/13
票据推销,0,03/18
票据推销,0,03/23
票据推销,0,03/28
票据推销,0,03/33
票据推销,0,03/38
票据推销,0,03/43
票据推销,0,03/48
票据推销,0,03/53
票据推销,0,03/58
票据推销,0,04/03
票据推销,0,04/08
票据推销,0,04/13
票据推销,0,04/18
票据推销,0,04/23
票据推销,0,04/28
票据推销,0,04/33
票据推销,0,04/38
票据推销,0,04/43
票据推销,0,04/48
票据推销,0,04/53
票据推销,0,04/58
票据推销,0,05/03
票据推销,0,05/08
票据推销,0,05/13
票据推销,0,05/18
票据推销,0,05/23
票据推销,0,05/28
票据推销,0,05/33
票据推销,0,05/38
票据推销,0,05/43
票据推销,0,05/48
票据推销,12,05/53
票据推销,8,05/58
票据推销,10,06/03
票据推销,0,06/08
票据推销,4,06/13
票据推销,17,06/18
票据推销,13,06/23
票据推销,28,06/28
票据推销,38,06/33
票据推销,67,06/38
票据推销,33,06/43
票据推销,70,06/48
票据推销,75,06/53
票据推销,98,06/58
票据推销,92,07/03
票据推销,120,07/08
票据推销,123,07/13
票据推销,94,07/18
票据推销,122,07/23
票据推销,212,07/28
票据推销,218,07/33
票据推销,175,07/38
票据推销,238,07/43
票据推销,233,07/48
票据推销,175,07/53
票据推销,165,07/58
票据推销,210,08/03
票据推销,150,08/08
票据推销,268,08/13
票据推销,228,08/18
票据推销,201,08/23
票据推销,228,08/28
票据推销,387,08/33
票据推销,366,08/38
票据推销,294,08/43
票据推销,291,08/48
票据推销,221,08/53
票据推销,196,08/58
票据推销,251,09/03
票据推销,262,09/08
票据推销,265,09/13
票据推销,225,09/18
票据推销,218,09/23
票据推销,284,09/28
票据推销,288,09/33
票据推销,202,09/38
票据推销,149,09/43
票据推销,142,09/48
票据推销,202,09/53
票据推销,147,09/58
票据推销,215,10/03
票据推销,243,10/08
票据推销,271,10/13
票据推销,209,10/18
票据推销,265,10/23
票据推销,187,10/28
票据推销,179,10/33
票据推销,181,10/38
票据推销,146,10/43
票据推销,113,10/48
票据推销,175,10/53
票据推销,233,10/58
票据推销,255,11/03
票据推销,258,11/08
票据推销,220,11/13
票据推销,145,11/18
票据推销,149,11/23
票据推销,217,11/28
票据推销,112,11/33
票据推销,190,11/38
票据推销,204,11/43
票据推销,158,11/48
票据推销,124,11/53
票据推销,149,11/58
票据推销,169,12/03
票据推销,219,12/08
票据推销,166,12/13
票据推销,133,12/18
票据推销,98,12/23
票据推销,139,12/28
票据推销,132,12/33
票据推销,90,12/38
票据推销,107,12/43
票据推销,161,12/48
票据推销,123,12/53
票据推销,160,12/58
票据推销,120,13/03
票据推销,133,13/08
票据推销,95,13/13
票据推销,142,13/18
票据推销,142,13/23
票据推销,156,13/28
票据推销,152,13/33
票据推销,196,13/38
票据推销,198,13/43
票据推销,183,13/48
票据推销,184,13/53
票据推销,211,13/58
票据推销,83,14/03
票据推销,86,14/08
票据推销,286,14/13
票据推销,188,14/18
票据推销,148,14/23
票据推销,164,14/28
票据推销,106,14/33
票据推销,118,14/38
票据推销,190,14/43
票据推销,125,14/48
票据推销,152,14/53
票据推销,120,14/58
票据推销,103,15/03
票据推销,154,15/08
票据推销,129,15/13
票据推销,134,15/18
票据推销,62,15/23
票据推销,114,15/28
票据推销,140,15/33
票据推销,135,15/38
票据推销,119,15/43
票据推销,47,15/48
票据推销,110,15/53
票据推销,121,15/58
票据推销,91,16/03
票据推销,31,16/08
票据推销,100,16/13
票据推销,86,16/18
票据推销,96,16/23
票据推销,77,16/28
票据推销,48,16/33
票据推销,102,16/38
票据推销,74,16/43
票据推销,119,16/48
票据推销,167,16/53
票据推销,156,16/58
票据推销,117,17/03
票据推销,126,17/08
票据推销,203,17/13
票据推销,175,17/18
票据推销,129,17/23
票据推销,114,17/28
票据推销,186,17/33
票据推销,162,17/38
票据推销,128,17/43
票据推销,165,17/48
票据推销,199,17/53
票据推销,236,17/58
票据推销,263,18/03
票据推销,224,18/08
票据推销,194,18/13
票据推销,151,18/18
票据推销,112,18/23
票据推销,173,18/28
票据推销,189,18/33
票据推销,169,18/38
票据推销,263,18/43
票据推销,182,18/48
票据推销,250,18/53
票据推销,308,18/58
票据推销,296,19/03
票据推销,256,19/08
票据推销,293,19/13
票据推销,188,19/18
票据推销,315,19/23
票据推销,190,19/28
票据推销,250,19/33
票据推销,234,19/38
票据推销,196,19/43
票据推销,187,19/48
票据推销,165,19/53
票据推销,188,19/58
票据推销,164,20/03
票据推销,176,20/08
票据推销,176,20/13
票据推销,167,20/18
票据推销,178,20/23
票据推销,98,20/28
票据推销,102,20/33
票据推销,117,20/38
票据推销,90,20/43
票据推销,107,20/48
票据推销,104,20/53
票据推销,83,20/58
票据推销,38,21/03
票据推销,23,21/08
票据推销,79,21/13
票据推销,49,21/18
票据推销,27,21/23
票据推销,9,21/28
票据推销,21,21/33
票据推销,29,21/38
票据推销,16,21/43
票据推销,13,21/48
票据推销,9,21/53
票据推销,9,21/58
票据推销,11,22/03
票据推销,24,22/08
票据推销,7,22/13
票据推销,13,22/18
票据推销,0,22/23
票据推销,4,22/28
票据推销,0,22/33
票据推销,0,22/38
票据推销,9,22/43
票据推销,4,22/48
票据推销,0,22/53
票据推销,10,22/58
票据推销,0,23/03
票据推销,20,23/08
票据推销,10,23/13
票据推销,8,23/18
票据推销,0,23/23
票据推销,9,23/28
票据推销,3,23/33
票据推销,0,23/38
票据推销,0,23/43
票据推销,0,23/48
票据推销,5,23/53
票据推销,0,23/58
色情欺诈,61,00/03
色情欺诈,168,00/08
色情欺诈,51,00/13
色情欺诈,13,00/18
色情欺诈,116,00/23
色情欺诈,135,00/28
色情欺诈,34,00/33
色情欺诈,42,00/38
色情欺诈,52,00/43
色情欺诈,41,00/48
色情欺诈,7,00/53
色情欺诈,60,00/58
色情欺诈,0,01/03
色情欺诈,28,01/08
色情欺诈,13,01/13
色情欺诈,39,01/18
色情欺诈,9,01/23
色情欺诈,28,01/28
色情欺诈,32,01/33
色情欺诈,0,01/38
色情欺诈,0,01/43
色情欺诈,0,01/48
色情欺诈,0,01/53
色情欺诈,0,01/58
色情欺诈,0,02/03
色情欺诈,0,02/08
色情欺诈,0,02/13
色情欺诈,0,02/18
色情欺诈,0,02/23
色情欺诈,0,02/28
色情欺诈,0,02/33
色情欺诈,0,02/38
色情欺诈,0,02/43
色情欺诈,0,02/48
色情欺诈,0,02/53
色情欺诈,0,02/58
色情欺诈,0,03/03
色情欺诈,0,03/08
色情欺诈,0,03/13
色情欺诈,0,03/18
色情欺诈,0,03/23
色情欺诈,0,03/28
色情欺诈,0,03/33
色情欺诈,0,03/38
色情欺诈,0,03/43
色情欺诈,0,03/48
色情欺诈,0,03/53
色情欺诈,0,03/58
色情欺诈,0,04/03
色情欺诈,0,04/08
色情欺诈,0,04/13
色情欺诈,0,04/18
色情欺诈,0,04/23
色情欺诈,0,04/28
色情欺诈,0,04/33
色情欺诈,0,04/38
色情欺诈,0,04/43
色情欺诈,0,04/48
色情欺诈,0,04/53
色情欺诈,0,04/58
色情欺诈,0,05/03
色情欺诈,0,05/08
色情欺诈,0,05/13
色情欺诈,0,05/18
色情欺诈,0,05/23
色情欺诈,0,05/28
色情欺诈,0,05/33
色情欺诈,0,05/38
色情欺诈,0,05/43
色情欺诈,0,05/48
色情欺诈,0,05/53
色情欺诈,0,05/58
色情欺诈,0,06/03
色情欺诈,0,06/08
色情欺诈,0,06/13
色情欺诈,0,06/18
色情欺诈,0,06/23
色情欺诈,0,06/28
色情欺诈,0,06/33
色情欺诈,0,06/38
色情欺诈,0,06/43
色情欺诈,0,06/48
色情欺诈,0,06/53
色情欺诈,0,06/58
色情欺诈,0,07/03
色情欺诈,0,07/08
色情欺诈,0,07/13
色情欺诈,0,07/18
色情欺诈,7,07/23
色情欺诈,0,07/28
色情欺诈,0,07/33
色情欺诈,0,07/38
色情欺诈,0,07/43
色情欺诈,0,07/48
色情欺诈,0,07/53
色情欺诈,0,07/58
色情欺诈,0,08/03
色情欺诈,0,08/08
色情欺诈,0,08/13
色情欺诈,0,08/18
色情欺诈,0,08/23
色情欺诈,0,08/28
色情欺诈,0,08/33
色情欺诈,0,08/38
色情欺诈,0,08/43
色情欺诈,0,08/48
色情欺诈,0,08/53
色情欺诈,0,08/58
色情欺诈,0,09/03
色情欺诈,0,09/08
色情欺诈,0,09/13
色情欺诈,0,09/18
色情欺诈,0,09/23
色情欺诈,0,09/28
色情欺诈,0,09/33
色情欺诈,0,09/38
色情欺诈,0,09/43
色情欺诈,0,09/48
色情欺诈,0,09/53
色情欺诈,0,09/58
色情欺诈,0,10/03
色情欺诈,0,10/08
色情欺诈,0,10/13
色情欺诈,0,10/18
色情欺诈,0,10/23
色情欺诈,0,10/28
色情欺诈,0,10/33
色情欺诈,0,10/38
色情欺诈,0,10/43
色情欺诈,0,10/48
色情欺诈,0,10/53
色情欺诈,0,10/58
色情欺诈,0,11/03
色情欺诈,0,11/08
色情欺诈,0,11/13
色情欺诈,0,11/18
色情欺诈,0,11/23
色情欺诈,0,11/28
色情欺诈,0,11/33
色情欺诈,0,11/38
色情欺诈,0,11/43
色情欺诈,0,11/48
色情欺诈,0,11/53
色情欺诈,0,11/58
色情欺诈,0,12/03
色情欺诈,0,12/08
色情欺诈,0,12/13
色情欺诈,0,12/18
色情欺诈,0,12/23
色情欺诈,0,12/28
色情欺诈,0,12/33
色情欺诈,0,12/38
色情欺诈,0,12/43
色情欺诈,0,12/48
色情欺诈,0,12/53
色情欺诈,0,12/58
色情欺诈,0,13/03
色情欺诈,0,13/08
色情欺诈,0,13/13
色情欺诈,0,13/18
色情欺诈,0,13/23
色情欺诈,0,13/28
色情欺诈,0,13/33
色情欺诈,0,13/38
色情欺诈,0,13/43
色情欺诈,0,13/48
色情欺诈,0,13/53
色情欺诈,0,13/58
色情欺诈,0,14/03
色情欺诈,0,14/08
色情欺诈,0,14/13
色情欺诈,0,14/18
色情欺诈,0,14/23
色情欺诈,0,14/28
色情欺诈,0,14/33
色情欺诈,0,14/38
色情欺诈,0,14/43
色情欺诈,0,14/48
色情欺诈,0,14/53
色情欺诈,0,14/58
色情欺诈,0,15/03
色情欺诈,0,15/08
色情欺诈,0,15/13
色情欺诈,0,15/18
色情欺诈,0,15/23
色情欺诈,0,15/28
色情欺诈,0,15/33
色情欺诈,0,15/38
色情欺诈,0,15/43
色情欺诈,0,15/48
色情欺诈,0,15/53
色情欺诈,0,15/58
色情欺诈,8,16/03
色情欺诈,0,16/08
色情欺诈,0,16/13
色情欺诈,0,16/18
色情欺诈,0,16/23
色情欺诈,0,16/28
色情欺诈,0,16/33
色情欺诈,0,16/38
色情欺诈,0,16/43
色情欺诈,0,16/48
色情欺诈,0,16/53
色情欺诈,0,16/58
色情欺诈,0,17/03
色情欺诈,0,17/08
色情欺诈,0,17/13
色情欺诈,0,17/18
色情欺诈,0,17/23
色情欺诈,0,17/28
色情欺诈,0,17/33
色情欺诈,0,17/38
色情欺诈,0,17/43
色情欺诈,0,17/48
色情欺诈,0,17/53
色情欺诈,0,17/58
色情欺诈,0,18/03
色情欺诈,0,18/08
色情欺诈,0,18/13
色情欺诈,0,18/18
色情欺诈,0,18/23
色情欺诈,8,18/28
色情欺诈,0,18/33
色情欺诈,0,18/38
色情欺诈,0,18/43
色情欺诈,49,18/48
色情欺诈,129,18/53
色情欺诈,162,18/58
色情欺诈,147,19/03
色情欺诈,61,19/08
色情欺诈,65,19/13
色情欺诈,131,19/18
色情欺诈,65,19/23
色情欺诈,58,19/28
色情欺诈,160,19/33
色情欺诈,75,19/38
色情欺诈,81,19/43
色情欺诈,81,19/48
色情欺诈,126,19/53
色情欺诈,136,19/58
色情欺诈,99,20/03
色情欺诈,107,20/08
色情欺诈,169,20/13
色情欺诈,95,20/18
色情欺诈,88,20/23
色情欺诈,168,20/28
色情欺诈,114,20/33
色情欺诈,57,20/38
色情欺诈,172,20/43
色情欺诈,204,20/48
色情欺诈,200,20/53
色情欺诈,76,20/58
色情欺诈,76,21/03
色情欺诈,30,21/08
色情欺诈,22,21/13
色情欺诈,56,21/18
色情欺诈,44,21/23
色情欺诈,23,21/28
色情欺诈,65,21/33
色情欺诈,38,21/38
色情欺诈,34,21/43
色情欺诈,28,21/48
色情欺诈,73,21/53
色情欺诈,25,21/58
色情欺诈,50,22/03
色情欺诈,49,22/08
色情欺诈,31,22/13
色情欺诈,66,22/18
色情欺诈,10,22/23
色情欺诈,34,22/28
色情欺诈,116,22/33
色情欺诈,75,22/38
色情欺诈,69,22/43
色情欺诈,48,22/48
色情欺诈,48,22/53
色情欺诈,37,22/58
色情欺诈,59,23/03
色情欺诈,75,23/08
色情欺诈,53,23/13
色情欺诈,44,23/18
色情欺诈,56,23/23
色情欺诈,0,23/28
色情欺诈,64,23/33
色情欺诈,86,23/38
色情欺诈,33,23/43
色情欺诈,57,23/48
色情欺诈,122,23/53
色情欺诈,37,23/58
卡贷诱骗,0,00/03
卡贷诱骗,0,00/08
卡贷诱骗,0,00/13
卡贷诱骗,0,00/18
卡贷诱骗,0,00/23
卡贷诱骗,0,00/28
卡贷诱骗,0,00/33
卡贷诱骗,0,00/38
卡贷诱骗,0,00/43
卡贷诱骗,0,00/48
卡贷诱骗,0,00/53
卡贷诱骗,0,00/58
卡贷诱骗,0,01/03
卡贷诱骗,0,01/08
卡贷诱骗,0,01/13
卡贷诱骗,0,01/18
卡贷诱骗,10,01/23
卡贷诱骗,0,01/28
卡贷诱骗,0,01/33
卡贷诱骗,0,01/38
卡贷诱骗,0,01/43
卡贷诱骗,0,01/48
卡贷诱骗,0,01/53
卡贷诱骗,0,01/58
卡贷诱骗,0,02/03
卡贷诱骗,0,02/08
卡贷诱骗,0,02/13
卡贷诱骗,0,02/18
卡贷诱骗,0,02/23
卡贷诱骗,0,02/28
卡贷诱骗,0,02/33
卡贷诱骗,0,02/38
卡贷诱骗,0,02/43
卡贷诱骗,0,02/48
卡贷诱骗,0,02/53
卡贷诱骗,0,02/58
卡贷诱骗,0,03/03
卡贷诱骗,0,03/08
卡贷诱骗,0,03/13
卡贷诱骗,0,03/18
卡贷诱骗,0,03/23
卡贷诱骗,0,03/28
卡贷诱骗,0,03/33
卡贷诱骗,0,03/38
卡贷诱骗,0,03/43
卡贷诱骗,0,03/48
卡贷诱骗,0,03/53
卡贷诱骗,0,03/58
卡贷诱骗,0,04/03
卡贷诱骗,0,04/08
卡贷诱骗,0,04/13
卡贷诱骗,0,04/18
卡贷诱骗,0,04/23
卡贷诱骗,0,04/28
卡贷诱骗,0,04/33
卡贷诱骗,0,04/38
卡贷诱骗,0,04/43
卡贷诱骗,0,04/48
卡贷诱骗,0,04/53
卡贷诱骗,0,04/58
卡贷诱骗,0,05/03
卡贷诱骗,0,05/08
卡贷诱骗,0,05/13
卡贷诱骗,0,05/18
卡贷诱骗,0,05/23
卡贷诱骗,0,05/28
卡贷诱骗,0,05/33
卡贷诱骗,0,05/38
卡贷诱骗,0,05/43
卡贷诱骗,0,05/48
卡贷诱骗,0,05/53
卡贷诱骗,0,05/58
卡贷诱骗,0,06/03
卡贷诱骗,0,06/08
卡贷诱骗,0,06/13
卡贷诱骗,0,06/18
卡贷诱骗,0,06/23
卡贷诱骗,0,06/28
卡贷诱骗,0,06/33
卡贷诱骗,0,06/38
卡贷诱骗,0,06/43
卡贷诱骗,0,06/48
卡贷诱骗,0,06/53
卡贷诱骗,0,06/58
卡贷诱骗,0,07/03
卡贷诱骗,0,07/08
卡贷诱骗,0,07/13
卡贷诱骗,0,07/18
卡贷诱骗,0,07/23
卡贷诱骗,0,07/28
卡贷诱骗,0,07/33
卡贷诱骗,0,07/38
卡贷诱骗,0,07/43
卡贷诱骗,0,07/48
卡贷诱骗,0,07/53
卡贷诱骗,0,07/58
卡贷诱骗,0,08/03
卡贷诱骗,0,08/08
卡贷诱骗,0,08/13
卡贷诱骗,0,08/18
卡贷诱骗,4,08/23
卡贷诱骗,0,08/28
卡贷诱骗,2,08/33
卡贷诱骗,0,08/38
卡贷诱骗,0,08/43
卡贷诱骗,6,08/48
卡贷诱骗,0,08/53
卡贷诱骗,3,08/58
卡贷诱骗,6,09/03
卡贷诱骗,5,09/08
卡贷诱骗,0,09/13
卡贷诱骗,4,09/18
卡贷诱骗,11,09/23
卡贷诱骗,4,09/28
卡贷诱骗,0,09/33
卡贷诱骗,5,09/38
卡贷诱骗,13,09/43
卡贷诱骗,27,09/48
卡贷诱骗,26,09/53
卡贷诱骗,62,09/58
卡贷诱骗,54,10/03
卡贷诱骗,124,10/08
卡贷诱骗,141,10/13
卡贷诱骗,289,10/18
卡贷诱骗,242,10/23
卡贷诱骗,216,10/28
卡贷诱骗,254,10/33
卡贷诱骗,242,10/38
卡贷诱骗,220,10/43
卡贷诱骗,214,10/48
卡贷诱骗,181,10/53
卡贷诱骗,213,10/58
卡贷诱骗,235,11/03
卡贷诱骗,134,11/08
卡贷诱骗,139,11/13
卡贷诱骗,158,11/18
卡贷诱骗,111,11/23
卡贷诱骗,159,11/28
卡贷诱骗,87,11/33
卡贷诱骗,93,11/38
卡贷诱骗,82,11/43
卡贷诱骗,190,11/48
卡贷诱骗,132,11/53
卡贷诱骗,196,11/58
卡贷诱骗,239,12/03
卡贷诱骗,159,12/08
卡贷诱骗,186,12/13
卡贷诱骗,241,12/18
卡贷诱骗,166,12/23
卡贷诱骗,260,12/28
卡贷诱骗,169,12/33
卡贷诱骗,104,12/38
卡贷诱骗,187,12/43
卡贷诱骗,111,12/48
卡贷诱骗,165,12/53
卡贷诱骗,206,12/58
卡贷诱骗,212,13/03
卡贷诱骗,220,13/08
卡贷诱骗,160,13/13
卡贷诱骗,160,13/18
卡贷诱骗,209,13/23
卡贷诱骗,188,13/28
卡贷诱骗,182,13/33
卡贷诱骗,162,13/38
卡贷诱骗,95,13/43
卡贷诱骗,139,13/48
卡贷诱骗,86,13/53
卡贷诱骗,120,13/58
卡贷诱骗,101,14/03
卡贷诱骗,156,14/08
卡贷诱骗,56,14/13
卡贷诱骗,134,14/18
卡贷诱骗,75,14/23
卡贷诱骗,64,14/28
卡贷诱骗,101,14/33
卡贷诱骗,113,14/38
卡贷诱骗,37,14/43
卡贷诱骗,61,14/48
卡贷诱骗,142,14/53
卡贷诱骗,137,14/58
卡贷诱骗,123,15/03
卡贷诱骗,190,15/08
卡贷诱骗,177,15/13
卡贷诱骗,94,15/18
卡贷诱骗,123,15/23
卡贷诱骗,177,15/28
卡贷诱骗,266,15/33
卡贷诱骗,246,15/38
卡贷诱骗,183,15/43
卡贷诱骗,168,15/48
卡贷诱骗,119,15/53
卡贷诱骗,192,15/58
卡贷诱骗,169,16/03
卡贷诱骗,193,16/08
卡贷诱骗,77,16/13
卡贷诱骗,115,16/18
卡贷诱骗,163,16/23
卡贷诱骗,212,16/28
卡贷诱骗,198,16/33
卡贷诱骗,245,16/38
卡贷诱骗,164,16/43
卡贷诱骗,125,16/48
卡贷诱骗,195,16/53
卡贷诱骗,238,16/58
卡贷诱骗,154,17/03
卡贷诱骗,247,17/08
卡贷诱骗,157,17/13
卡贷诱骗,63,17/18
卡贷诱骗,54,17/23
卡贷诱骗,41,17/28
卡贷诱骗,36,17/33
卡贷诱骗,133,17/38
卡贷诱骗,127,17/43
卡贷诱骗,65,17/48
卡贷诱骗,115,17/53
卡贷诱骗,130,17/58
卡贷诱骗,92,18/03
卡贷诱骗,77,18/08
卡贷诱骗,4,18/13
卡贷诱骗,45,18/18
卡贷诱骗,18,18/23
卡贷诱骗,43,18/28
卡贷诱骗,61,18/33
卡贷诱骗,85,18/38
卡贷诱骗,101,18/43
卡贷诱骗,154,18/48
卡贷诱骗,174,18/53
卡贷诱骗,143,18/58
卡贷诱骗,76,19/03
卡贷诱骗,85,19/08
卡贷诱骗,43,19/13
卡贷诱骗,3,19/18
卡贷诱骗,33,19/23
卡贷诱骗,30,19/28
卡贷诱骗,9,19/33
卡贷诱骗,12,19/38
卡贷诱骗,30,19/43
卡贷诱骗,75,19/48
卡贷诱骗,85,19/53
卡贷诱骗,75,19/58
卡贷诱骗,34,20/03
卡贷诱骗,19,20/08
卡贷诱骗,4,20/13
卡贷诱骗,6,20/18
卡贷诱骗,20,20/23
卡贷诱骗,23,20/28
卡贷诱骗,3,20/33
卡贷诱骗,8,20/38
卡贷诱骗,9,20/43
卡贷诱骗,6,20/48
卡贷诱骗,0,20/53
卡贷诱骗,1,20/58
卡贷诱骗,1,21/03
卡贷诱骗,1,21/08
卡贷诱骗,0,21/13
卡贷诱骗,1,21/18
卡贷诱骗,0,21/23
卡贷诱骗,0,21/28
卡贷诱骗,0,21/33
卡贷诱骗,0,21/38
卡贷诱骗,0,21/43
卡贷诱骗,0,21/48
卡贷诱骗,0,21/53
卡贷诱骗,0,21/58
卡贷诱骗,5,22/03
卡贷诱骗,4,22/08
卡贷诱骗,5,22/13
卡贷诱骗,13,22/18
卡贷诱骗,27,22/23
卡贷诱骗,38,22/28
卡贷诱骗,34,22/33
卡贷诱骗,0,22/38
卡贷诱骗,0,22/43
卡贷诱骗,0,22/48
卡贷诱骗,0,22/53
卡贷诱骗,0,22/58
卡贷诱骗,0,23/03
卡贷诱骗,0,23/08
卡贷诱骗,0,23/13
卡贷诱骗,0,23/18
卡贷诱骗,0,23/23
卡贷诱骗,0,23/28
卡贷诱骗,0,23/33
卡贷诱骗,0,23/38
卡贷诱骗,0,23/43
卡贷诱骗,0,23/48
卡贷诱骗,0,23/53
卡贷诱骗,0,23/58
商务广告,0,00/03
商务广告,0,00/08
商务广告,0,00/13
商务广告,0,00/18
商务广告,0,00/23
商务广告,0,00/28
商务广告,0,00/33
商务广告,0,00/38
商务广告,0,00/43
商务广告,0,00/48
商务广告,0,00/53
商务广告,0,00/58
商务广告,0,01/03
商务广告,0,01/08
商务广告,0,01/13
商务广告,0,01/18
商务广告,0,01/23
商务广告,0,01/28
商务广告,0,01/33
商务广告,0,01/38
商务广告,0,01/43
商务广告,0,01/48
商务广告,0,01/53
商务广告,0,01/58
商务广告,0,02/03
商务广告,0,02/08
商务广告,0,02/13
商务广告,0,02/18
商务广告,0,02/23
商务广告,0,02/28
商务广告,0,02/33
商务广告,0,02/38
商务广告,0,02/43
商务广告,0,02/48
商务广告,0,02/53
商务广告,0,02/58
商务广告,0,03/03
商务广告,0,03/08
商务广告,0,03/13
商务广告,0,03/18
商务广告,0,03/23
商务广告,0,03/28
商务广告,0,03/33
商务广告,0,03/38
商务广告,0,03/43
商务广告,0,03/48
商务广告,0,03/53
商务广告,0,03/58
商务广告,0,04/03
商务广告,0,04/08
商务广告,0,04/13
商务广告,0,04/18
商务广告,0,04/23
商务广告,0,04/28
商务广告,0,04/33
商务广告,0,04/38
商务广告,0,04/43
商务广告,0,04/48
商务广告,0,04/53
商务广告,0,04/58
商务广告,0,05/03
商务广告,0,05/08
商务广告,0,05/13
商务广告,0,05/18
商务广告,0,05/23
商务广告,0,05/28
商务广告,0,05/33
商务广告,0,05/38
商务广告,0,05/43
商务广告,0,05/48
商务广告,0,05/53
商务广告,0,05/58
商务广告,0,06/03
商务广告,0,06/08
商务广告,0,06/13
商务广告,0,06/18
商务广告,0,06/23
商务广告,0,06/28
商务广告,0,06/33
商务广告,0,06/38
商务广告,0,06/43
商务广告,0,06/48
商务广告,0,06/53
商务广告,0,06/58
商务广告,0,07/03
商务广告,0,07/08
商务广告,3,07/13
商务广告,1,07/18
商务广告,2,07/23
商务广告,0,07/28
商务广告,1,07/33
商务广告,0,07/38
商务广告,0,07/43
商务广告,0,07/48
商务广告,0,07/53
商务广告,0,07/58
商务广告,0,08/03
商务广告,0,08/08
商务广告,1,08/13
商务广告,0,08/18
商务广告,0,08/23
商务广告,0,08/28
商务广告,0,08/33
商务广告,3,08/38
商务广告,0,08/43
商务广告,1,08/48
商务广告,1,08/53
商务广告,1,08/58
商务广告,12,09/03
商务广告,9,09/08
商务广告,3,09/13
商务广告,6,09/18
商务广告,5,09/23
商务广告,2,09/28
商务广告,2,09/33
商务广告,1,09/38
商务广告,6,09/43
商务广告,0,09/48
商务广告,11,09/53
商务广告,8,09/58
商务广告,3,10/03
商务广告,18,10/08
商务广告,32,10/13
商务广告,47,10/18
商务广告,9,10/23
商务广告,8,10/28
商务广告,13,10/33
商务广告,18,10/38
商务广告,29,10/43
商务广告,48,10/48
商务广告,63,10/53
商务广告,29,10/58
商务广告,8,11/03
商务广告,11,11/08
商务广告,13,11/13
商务广告,0,11/18
商务广告,2,11/23
商务广告,30,11/28
商务广告,24,11/33
商务广告,25,11/38
商务广告,2,11/43
商务广告,21,11/48
商务广告,10,11/53
商务广告,5,11/58
商务广告,15,12/03
商务广告,6,12/08
商务广告,13,12/13
商务广告,30,12/18
商务广告,13,12/23
商务广告,8,12/28
商务广告,3,12/33
商务广告,3,12/38
商务广告,14,12/43
商务广告,15,12/48
商务广告,14,12/53
商务广告,15,12/58
商务广告,1,13/03
商务广告,6,13/08
商务广告,24,13/13
商务广告,0,13/18
商务广告,4,13/23
商务广告,14,13/28
商务广告,0,13/33
商务广告,0,13/38
商务广告,9,13/43
商务广告,0,13/48
商务广告,3,13/53
商务广告,24,13/58
商务广告,38,14/03
商务广告,0,14/08
商务广告,5,14/13
商务广告,6,14/18
商务广告,0,14/23
商务广告,4,14/28
商务广告,0,14/33
商务广告,0,14/38
商务广告,5,14/43
商务广告,0,14/48
商务广告,2,14/53
商务广告,4,14/58
商务广告,10,15/03
商务广告,0,15/08
商务广告,5,15/13
商务广告,6,15/18
商务广告,11,15/23
商务广告,2,15/28
商务广告,15,15/33
商务广告,4,15/38
商务广告,4,15/43
商务广告,0,15/48
商务广告,0,15/53
商务广告,0,15/58
商务广告,0,16/03
商务广告,1,16/08
商务广告,1,16/13
商务广告,1,16/18
商务广告,4,16/23
商务广告,0,16/28
商务广告,0,16/33
商务广告,0,16/38
商务广告,1,16/43
商务广告,0,16/48
商务广告,9,16/53
商务广告,5,16/58
商务广告,0,17/03
商务广告,8,17/08
商务广告,8,17/13
商务广告,0,17/18
商务广告,0,17/23
商务广告,0,17/28
商务广告,3,17/33
商务广告,7,17/38
商务广告,1,17/43
商务广告,2,17/48
商务广告,0,17/53
商务广告,4,17/58
商务广告,2,18/03
商务广告,1,18/08
商务广告,0,18/13
商务广告,0,18/18
商务广告,0,18/23
商务广告,0,18/28
商务广告,1,18/33
商务广告,0,18/38
商务广告,0,18/43
商务广告,0,18/48
商务广告,0,18/53
商务广告,0,18/58
商务广告,0,19/03
商务广告,0,19/08
商务广告,0,19/13
商务广告,0,19/18
商务广告,0,19/23
商务广告,0,19/28
商务广告,0,19/33
商务广告,0,19/38
商务广告,0,19/43
商务广告,0,19/48
商务广告,1,19/53
商务广告,0,19/58
商务广告,0,20/03
商务广告,5,20/08
商务广告,0,20/13
商务广告,0,20/18
商务广告,0,20/23
商务广告,0,20/28
商务广告,0,20/33
商务广告,0,20/38
商务广告,0,20/43
商务广告,0,20/48
商务广告,0,20/53
商务广告,0,20/58
商务广告,0,21/03
商务广告,0,21/08
商务广告,0,21/13
商务广告,0,21/18
商务广告,0,21/23
商务广告,0,21/28
商务广告,0,21/33
商务广告,0,21/38
商务广告,0,21/43
商务广告,0,21/48
商务广告,0,21/53
商务广告,0,21/58
商务广告,0,22/03
商务广告,0,22/08
商务广告,0,22/13
商务广告,0,22/18
商务广告,0,22/23
商务广告,0,22/28
商务广告,0,22/33
商务广告,0,22/38
商务广告,0,22/43
商务广告,0,22/48
商务广告,0,22/53
商务广告,0,22/58
商务广告,0,23/03
商务广告,0,23/08
商务广告,0,23/13
商务广告,0,23/18
商务广告,0,23/23
商务广告,0,23/28
商务广告,0,23/33
商务广告,0,23/38
商务广告,0,23/43
商务广告,0,23/48
商务广告,0,23/53
商务广告,0,23/58
